330845b9-1d53-47af-8cb7-30ce5d30625d	u2af1-s34f
39807893-979e-44c6-ada9-444c68b863c3	u2af1-s34f
59e8b7b7-5183-4655-aa5e-e4b5ba73eded	u2af1-s34f
6efebff1-f165-415e-9001-45a782638785	u2af1-s34f
7b07706f-a1b4-4f18-a276-0822b578cc40	u2af1-s34f
8b3aec43-4c75-4598-bf0a-168f7ffb9f3b	u2af1-s34f
b71b334c-768e-46f6-bc7e-c95a11f44f03	u2af1-s34f
bae79640-8273-42a2-913e-3d29e00ccc4f	u2af1-s34f
bc8b6dee-0f79-492f-85e1-c1a09d6f9680	u2af1-s34f
d94a4acc-1345-4cdb-b1e0-0b9c1afc593c	u2af1-s34f
db3c11b8-53c7-48f8-a16c-b86c1c7534b0	u2af1-s34f
f8cc4515-2576-4a72-9cf1-28dfe774eda9	u2af1-s34f
00d461ae-a1d8-42f2-abd8-5e159363d857	u2af1-wt
00fabec9-d311-4994-a7e5-eb91178d14f2	u2af1-wt
01ebdef8-920f-4b71-8b44-512598962d6b	u2af1-wt
020a2284-03f3-4439-89bb-2292ebc3ecd2	u2af1-wt
02f6c9d4-8296-4e00-9e78-4f4d8c942340	u2af1-wt
0326e97a-2ec7-4038-98f3-03d94962d869	u2af1-wt
03c7ece7-500d-4c38-a600-bd6863562bfd	u2af1-wt
044b4834-bb51-40c8-8027-e5d752fa8787	u2af1-wt
04c4affd-ca5d-4ea4-95d1-a6502e80d1af	u2af1-wt
04ce9fac-b5f3-4830-935e-9d6ea74ee915	u2af1-wt
059b5dc1-45f7-4d7c-b07a-878b6db6d881	u2af1-wt
05ca3ffd-a4d9-4667-80e2-d15125e88f7c	u2af1-wt
06770623-6a10-4874-9eea-1497077f18ac	u2af1-wt
068ba2ae-288c-446d-8d17-72445ce4f788	u2af1-wt
06c83065-5800-451a-84a7-7a7f352493ec	u2af1-wt
06deab65-ccea-473f-ad0e-7e3928df2e07	u2af1-wt
07c5dadf-e801-4c1f-9109-7a2495407c75	u2af1-wt
07c8891d-1917-45f8-bd1d-4c59d1baafaa	u2af1-wt
0832f2ee-ad00-42c7-8cc3-9c63a7b5cea9	u2af1-wt
085fd4df-27f7-4680-a0b5-8726f9eab370	u2af1-wt
087c2c93-d071-41e1-a2e8-a1961ba54a86	u2af1-wt
094bd5ef-b1ca-46c6-b717-2519e5a6151b	u2af1-wt
09728f38-787f-4868-b28d-8cf6afa3c71b	u2af1-wt
0a11e8dc-5d34-4fcb-b2dc-aa57b4e90fc9	u2af1-wt
0a4e0b83-7afa-475b-8586-e9e79e31d6d2	u2af1-wt
0a5dab01-33ff-41d1-8842-7b7f18a6efe0	u2af1-wt
0b55cf48-41ca-4d54-a6c6-fa15c711370b	u2af1-wt
0ba8665b-be52-4288-838a-8f5d189f809d	u2af1-wt
0bb88c14-58c0-45d8-a8f3-f41840f62d37	u2af1-wt
0e3e11b9-9f43-4a0d-8665-023fae9f8b00	u2af1-wt
0f6c0159-7342-4519-83f5-52c2d457c4f8	u2af1-wt
1084d48c-88e8-4d67-9049-d0e4cd7f9535	u2af1-wt
1205cc6a-c42f-44c8-bf1c-84ef49eaaee4	u2af1-wt
129a4f1c-81ee-4ebb-8c97-0a60fcc114d6	u2af1-wt
12beb3ab-f6e1-42b0-af74-1a8cbb3416c0	u2af1-wt
12da2172-3304-4dad-bd80-3039e6d49de3	u2af1-wt
131b98d5-aaf4-4a6c-bb96-c33895cd814a	u2af1-wt
131c0149-e810-4004-97e0-6c8a4aa9049d	u2af1-wt
143cbdd4-689e-4ba9-b0ad-069629dc7dfa	u2af1-wt
145db6c5-f7ad-4e2f-88f1-d68bc457848a	u2af1-wt
146a69db-f304-4dd3-97e2-4d11b6512069	u2af1-wt
14797b04-c56a-4ceb-bd0f-a4e785e90f75	u2af1-wt
14aca23b-01ce-4532-8f2f-3b22b05a4757	u2af1-wt
14e05372-1acb-4479-904b-ce8acef028eb	u2af1-wt
156a175b-b419-4089-8541-7318e3dee78a	u2af1-wt
160dd8d4-3262-4789-bd92-d5470bc7d41b	u2af1-wt
186b7ed8-cc25-45b6-bf7d-25d7a3a2154a	u2af1-wt
1890feb6-9f7f-4437-9828-198ff43e16b0	u2af1-wt
19853c82-c205-4af9-badd-82946eec14ad	u2af1-wt
1a0143ed-cd70-498f-b094-bc71b6921fb3	u2af1-wt
1aa0401e-b389-4852-87ef-e1ae357b76dc	u2af1-wt
1c66cca9-ad78-44e5-ab54-be31d4a66437	u2af1-wt
1ca692e6-1dff-4d84-ace1-671bac7b9f61	u2af1-wt
1d7be20b-b4ca-47bb-9552-689f2e3ff0f7	u2af1-wt
1da64d9f-f5dd-4017-bf82-d1a61512b56b	u2af1-wt
1e3d606d-e374-460c-a046-b6c98aa8256b	u2af1-wt
1efac920-fb46-4ac8-b8b1-d1f2743edefe	u2af1-wt
1f71e82c-0781-4d19-bc26-6c3c176827c5	u2af1-wt
1f7293ad-85b2-4d42-afcc-88cf1027cf5f	u2af1-wt
1f7938f1-e04e-4ed0-8189-3d701c6fef72	u2af1-wt
20cddb4c-1ad4-4f0e-bd5e-3071f573b2d0	u2af1-wt
20ecdb2d-16ad-437b-ac0e-b84339c769a6	u2af1-wt
2172f060-6402-44dc-a918-2f9c15c21fa4	u2af1-wt
21a80f43-21be-4549-901b-c99083021c30	u2af1-wt
21eea21d-7db3-4f85-a9e4-72cbb562b5ed	u2af1-wt
22002e84-1d7a-4f93-9934-9d74f45195c0	u2af1-wt
2276a330-e86b-46e1-be45-ae41d217ef66	u2af1-wt
22c48da7-f220-43f4-a1b0-fd57358f7ae7	u2af1-wt
22cd91fc-54c5-43e0-80ff-19a419298721	u2af1-wt
22d87348-bca7-4428-b8e2-2f161d77bcc5	u2af1-wt
2301103f-5cbe-4cb6-b5da-0b83b39e4616	u2af1-wt
2306a9ab-37ae-4dfd-b992-4f62022c3d4c	u2af1-wt
233b6aa7-9d3f-4db0-a900-03f7cf4d0ac4	u2af1-wt
23aeef43-0657-45f1-835e-52a829f0bea2	u2af1-wt
256e320c-e4de-4918-b3bc-b71657bfd4cc	u2af1-wt
258b0b5e-2b09-4378-9606-83955ca19d7c	u2af1-wt
25a6fe1b-0472-489f-a721-f596395badb1	u2af1-wt
25ef25f6-9982-41ad-9823-62763c6c29eb	u2af1-wt
268f14f5-e6f7-413a-90a6-20a205012246	u2af1-wt
26fdaa75-cea5-4355-b3b1-6b5c2c75e542	u2af1-wt
27266d85-3f2c-489f-9e5d-663d94ae9f55	u2af1-wt
27e24fc6-af40-4152-8424-a9d365c717d9	u2af1-wt
28e5e6cc-60b0-4324-b05e-d05af474da90	u2af1-wt
29000c50-6667-4281-a97a-5f02cb24a8f4	u2af1-wt
2a05b2c0-f94d-4c07-889a-def7131895bd	u2af1-wt
2a48ffd2-9212-48f4-a836-7572eb2feffe	u2af1-wt
2a53d9f7-430a-45c5-9171-8ee65dc560dd	u2af1-wt
2aef96ea-5379-4066-8df1-66218ab77425	u2af1-wt
2b99d8d7-f329-4fe6-97b5-167953311755	u2af1-wt
2beab6d3-563d-421f-bf4a-7e1f843ec637	u2af1-wt
2e86db3a-ac57-49d2-8378-5d5e7412eff7	u2af1-wt
2f00871b-1c4a-4fe9-94f6-42493fd95841	u2af1-wt
2f03d42e-9735-4edb-87d9-ec443b7801a5	u2af1-wt
2f8abb88-ae9f-4315-bcad-4263862bd11b	u2af1-wt
2f966635-6a77-4205-9bab-df5940a973aa	u2af1-wt
2fde57cd-97d2-492d-b37d-a4e2d43239cf	u2af1-wt
3041806b-5855-4930-aeb8-a30472658d54	u2af1-wt
30a6ea89-8eda-47cf-b336-e070fcd08740	u2af1-wt
32248a54-89ad-43a3-aa20-1c1897cb0054	u2af1-wt
322ff57d-60a1-45d6-a103-c953d11924f1	u2af1-wt
325c7d6b-292d-46e5-85d1-785ae8a48c33	u2af1-wt
32675d71-6f79-4b8f-ab7c-e2350b15875c	u2af1-wt
3289364c-0dc2-43e8-bfe2-57d25e8612e5	u2af1-wt
32dd8db9-1e43-497e-a35a-664d7d15ed60	u2af1-wt
32e5ef2b-4387-4d2c-8e62-d18b5106414f	u2af1-wt
3369898e-21d8-4ded-8bbc-a746b1a743ad	u2af1-wt
33e0a8b2-3e7e-46da-b5ef-76463308d3b9	u2af1-wt
34774d7b-1184-4b5f-b6a9-e16c428ca7ce	u2af1-wt
34d64c67-b35b-418e-a7b2-759804876762	u2af1-wt
35a9d225-0988-4e31-9a39-d54f3a63bea8	u2af1-wt
35fc369e-6f16-415b-badb-380eedb2157b	u2af1-wt
367864dd-ccd2-473e-9661-6ff4342a4e64	u2af1-wt
36db1d28-8a10-46cc-91ef-d5036aaba9c3	u2af1-wt
36f81494-52c4-49db-9dba-26a0c2de2e8e	u2af1-wt
38fbb0e8-cd18-425d-becf-791c8e8a8911	u2af1-wt
39af4940-aeba-4d26-96fc-68da8663bc81	u2af1-wt
3a284d39-2913-4d8c-b46a-9b1e991cfd0b	u2af1-wt
3a8b14d9-c521-48d4-9400-074d752afe1b	u2af1-wt
3b21349a-ee41-45bf-87de-19b6cda494d5	u2af1-wt
3b286ed4-51bd-4a1e-9eab-b0ee9adf3b72	u2af1-wt
3b5d9bee-5e4f-4afc-b297-2f072ef18a93	u2af1-wt
3c6fdcc9-916b-4ec2-be58-1dd15e7d94a2	u2af1-wt
3ce23908-d2b9-42b0-a409-5fbd767496c2	u2af1-wt
3d006e45-8ebf-4ba1-b003-13b711c0d0ee	u2af1-wt
3d11905a-16eb-40b2-a36b-e37dca6359d3	u2af1-wt
3ddd596f-b02f-4b51-a837-3c684437600f	u2af1-wt
3dde8e24-6a2b-49ab-b4df-c058f18a3851	u2af1-wt
3e08ac76-9fba-40cf-8743-e2e1fb14f067	u2af1-wt
3e5fa22c-f02a-4da4-881c-6aa2869058c1	u2af1-wt
3f579bea-4481-42cd-b433-4f4ff65cf7b0	u2af1-wt
3f79d678-e5d5-443e-a7df-187c2acd2b2c	u2af1-wt
3f7a9aee-2d10-4426-855b-de9a48b278ce	u2af1-wt
40386f32-719d-480f-9ba7-57e1eea23b30	u2af1-wt
404aadcc-cb30-4dba-b2b3-efd573cd9ffe	u2af1-wt
4102816c-2ab8-4ecb-83b0-4f78c052bcd8	u2af1-wt
41fde338-9254-4ad2-9806-d7864c2d038e	u2af1-wt
42ecec5f-f097-4d86-a9d9-cf0507b08c42	u2af1-wt
430458f1-86d8-4ec8-a8fe-6a58ac832bdd	u2af1-wt
45310b76-8ea1-4d13-9d9f-1f1d874e0285	u2af1-wt
4564496a-31da-4537-abe0-5b3f2455ed13	u2af1-wt
461cd8f2-fe53-448d-b6a9-0a95792464c7	u2af1-wt
4772e349-a753-4c41-9c48-ae3af0f58520	u2af1-wt
4822db97-46d7-4302-bef9-63086b777e9c	u2af1-wt
482e60ad-222e-4ead-8a3c-a3b44e54aa5e	u2af1-wt
484f0a13-a636-484b-9880-5066955dee6e	u2af1-wt
48fdafbf-3f8b-46ba-8aa9-f081f0b54739	u2af1-wt
4933c476-e3f3-45b0-b158-dcbe0539644e	u2af1-wt
4966ebc7-b3d5-49d1-885d-f6ae4a8781e6	u2af1-wt
49932944-ad54-4c6c-affc-08a4b76de933	u2af1-wt
49ab8f1a-6252-47b0-9f16-63e065f33efd	u2af1-wt
49acc5ad-6a61-41e1-9acb-4260e932a184	u2af1-wt
4a1a0323-0cfb-4f33-ba44-0039283f9334	u2af1-wt
4a39a182-e583-4ff0-a8f0-f73b0f5c4f20	u2af1-wt
4a967e6f-d39a-4fe5-864b-a43e8184a852	u2af1-wt
4ad05e6b-e3d8-4048-8f61-1e79e421de0b	u2af1-wt
4b6c958a-7e20-4b88-b30a-2406b123c8c1	u2af1-wt
4b6faa2b-5b8d-4ee5-ac5d-aafa6d95327f	u2af1-wt
4f721842-9460-4376-b577-59c3731f34a6	u2af1-wt
4f8b284e-7e42-45c5-b7cc-57cc678ec3df	u2af1-wt
50c308c9-922a-4083-ae09-e5e4d8c437af	u2af1-wt
5158a031-b856-4423-9418-031b3107e88f	u2af1-wt
5241ced4-4a72-40dc-9698-a647fb6d03a4	u2af1-wt
525e9185-ed15-403d-8987-93c50e4b89a1	u2af1-wt
52b34ef3-a814-4aa9-a395-6beea6a71f11	u2af1-wt
52beaa60-92f3-48cf-a695-78bb66ccd4f6	u2af1-wt
52e52b5d-4112-4616-8ddd-2a4524a91778	u2af1-wt
53244201-6282-42ea-9da4-31524ca39bf8	u2af1-wt
534541e5-89a2-46bc-98d3-1fed57d6e4c1	u2af1-wt
5418228b-cfd0-4580-87c6-3ebf6282ad73	u2af1-wt
5444c7d2-9c7e-4b9e-a8ee-7d64c375be17	u2af1-wt
55071ef3-bf09-43a2-a54c-a9ec61a84615	u2af1-wt
5541c1a3-e0e5-4ded-ae0a-687e87a7d708	u2af1-wt
555b77b9-d686-4f0e-a099-25bd5715a5e9	u2af1-wt
55e5447a-96d1-4d95-91ad-b5790392bbfa	u2af1-wt
56081bb7-480c-446f-9e21-41627df3b569	u2af1-wt
564e41d6-f9a4-4a6b-bb97-f8e5423b84bd	u2af1-wt
56afb18f-7fdd-4672-be59-4d3a03b806de	u2af1-wt
56ba7921-5bee-4a1e-9fba-a78a034547a6	u2af1-wt
56c858be-3637-4ba0-81be-208a3edac992	u2af1-wt
56d2e7e0-7686-417f-a698-393a1385d87e	u2af1-wt
56d7d6b5-33c0-4551-967c-afce1f970395	u2af1-wt
57048ebe-3153-4e65-bbca-eadb92b99d31	u2af1-wt
57512aba-e397-4ab8-b1ed-de197e6f92fd	u2af1-wt
57ae0185-984b-40a7-8d95-1a6a2cc0b03a	u2af1-wt
57d89d75-a9bb-4bd3-af76-d29def9a9625	u2af1-wt
58681163-9f9d-4f74-a1bb-3a4bcb4856d6	u2af1-wt
58e4f0e6-3b0f-4370-8abf-0b4d533672c5	u2af1-wt
593623b6-0f7d-4089-8697-518c573c86c6	u2af1-wt
59578e5d-b76f-46eb-b5d9-7c90b8a9dbe4	u2af1-wt
597af330-73d5-4905-803e-56d744ab723d	u2af1-wt
59a0b90e-8b8b-41b8-95f0-d51961a94be5	u2af1-wt
5a1b3a79-375e-47a7-8a30-b37fbfd8162d	u2af1-wt
5a335f07-9b07-46cf-8902-503b24f89bfa	u2af1-wt
5d081953-cf3a-40cb-95bf-f418ed3879ac	u2af1-wt
5d843590-36a7-4568-88a4-2bc09e14927f	u2af1-wt
5eef868d-7c7f-42e8-aabf-ce3f75405c7a	u2af1-wt
5f74c5cb-1127-4a5c-975e-58e5abc4db03	u2af1-wt
5fd9d2a8-3a95-440c-a0de-8ad5fd86e156	u2af1-wt
6078603d-a4e2-4a1a-abca-01fb63106888	u2af1-wt
60cc41cd-a0af-4cad-a4be-253781e2f0b8	u2af1-wt
61807b4d-bbab-4ea8-a904-35c562ec6c29	u2af1-wt
6200626d-556e-400d-81f4-e397ce49585f	u2af1-wt
62b8c824-3e80-4341-bfee-78d04be904c9	u2af1-wt
6338619f-470c-4ae1-8b45-959b5f9ad3da	u2af1-wt
6460f151-7102-476d-b03b-fb4ea776b1ea	u2af1-wt
64a2d5cb-2892-4d2a-aa7a-cc1a6dec1c46	u2af1-wt
6531e137-3d23-44e7-af10-51e9cc517192	u2af1-wt
6545e778-687c-4b82-b6b6-b5d438879069	u2af1-wt
655b5152-d150-4b2a-b7cc-ef70dc0b2256	u2af1-wt
65a2c4cf-7c84-4ca8-a37e-8deecb6ef026	u2af1-wt
6667948a-1834-4572-a1b3-3bc9096650e8	u2af1-wt
673621c0-f5d4-4eea-a0ae-469214a70e82	u2af1-wt
67fc0674-3f48-41ec-a650-7efaa41607fa	u2af1-wt
6804af50-1b4f-4872-83b8-bae24d398cb4	u2af1-wt
681308e4-1122-4343-9d6b-63df6a39d302	u2af1-wt
68f5d95d-e7ae-46d3-b836-e741fde98f23	u2af1-wt
6906b453-44ef-404a-9fe6-2b4d5fa65110	u2af1-wt
6aa56177-0576-454d-81e8-28aa9ce76406	u2af1-wt
6b48d62b-0932-48df-9448-ae6dcb8853b2	u2af1-wt
6b51d2ce-51ed-4b34-890d-9f83d363118c	u2af1-wt
6c438dcf-6ec0-4bf7-8122-875490967b70	u2af1-wt
6e2e3178-73ad-4590-a56b-bb7fd9984acd	u2af1-wt
6f53a60f-3be2-48df-a15a-4675e99efba1	u2af1-wt
6f6bf240-1ca4-47d0-9a77-17b0ce9b8ae7	u2af1-wt
7086e8ce-d1e5-4901-ac33-31c299f46356	u2af1-wt
71809317-f775-4faa-b1c6-40bae85c69aa	u2af1-wt
72726dc4-fa08-4e34-9539-29ddb19dd782	u2af1-wt
7276835e-ce0e-4fc6-a329-27d936c136ba	u2af1-wt
72fe0e80-b3e6-4249-8345-fb9ff8d2ca9b	u2af1-wt
731c955b-e1e8-462a-9c94-64310f2d7eae	u2af1-wt
73559b1e-ad93-432f-a7bb-c3946d4120d4	u2af1-wt
735e3d15-4df3-4162-b819-1ebc1991bfce	u2af1-wt
73babed8-f934-42c7-9020-30f7c3e1766d	u2af1-wt
73d96384-ebea-4467-8663-ada78336233c	u2af1-wt
73fc90cb-2b56-4a6b-8083-42f6647a2478	u2af1-wt
743f08af-5537-4454-a219-18639e5127c6	u2af1-wt
74aaf5e2-be23-49b1-b694-3a3dde306a5d	u2af1-wt
74ab82a4-a55b-4e4c-b3f5-1f9317860914	u2af1-wt
758b1a4d-bd46-4611-b8c3-49c5f62a2dab	u2af1-wt
75eaaf2c-7cd9-416d-88c0-7c5502db9ab5	u2af1-wt
7623e22f-3401-47b3-be94-23f5da20ee0d	u2af1-wt
76413057-e8a8-42b7-b545-897e3b32580d	u2af1-wt
7643fc1a-086e-4ea5-9766-3dde13cc00b4	u2af1-wt
764d71c7-f003-4cf6-851e-1587f12b4a69	u2af1-wt
765dc4a5-ce4d-4437-9061-20c018bbbade	u2af1-wt
772dcecf-b53d-42e2-8161-f48030150aa0	u2af1-wt
77322072-2a7f-49e6-a9d1-c521c25acd70	u2af1-wt
77b82c3f-e20c-4e3b-a55c-08af359bbb6e	u2af1-wt
77ca7978-5bc4-4264-8ca3-db132049c8a8	u2af1-wt
78bf9571-4145-4c0d-a61a-58a878351097	u2af1-wt
78e95f3e-1067-48a8-9429-dfdd6f587066	u2af1-wt
7977a11b-246f-4c4c-a200-ee35d2d51fc5	u2af1-wt
79e12f4d-94d7-45f8-b251-6b0fcbb6b885	u2af1-wt
7a7440bf-1ca1-4c6b-80f8-7151a38e5d18	u2af1-wt
7d46888b-282b-4f43-a09a-ff44bd1af110	u2af1-wt
7d9c7c34-76e0-4622-b5f7-60e12f6d4e07	u2af1-wt
7eab2708-6708-4f8e-b238-e06007754e7e	u2af1-wt
7ec16b5a-7a86-4a22-9f1c-74d42ab1f43d	u2af1-wt
7ecd6087-9663-4d9d-828d-d9e9b5241c3c	u2af1-wt
7edd63ce-c5bb-4209-b8c8-98af0fae03ed	u2af1-wt
7f9b4506-b00b-4b6f-8469-d0e4a73df1d4	u2af1-wt
80416b83-9ea2-4d33-8ba4-1fe9330d51f2	u2af1-wt
812033b2-3784-44bf-8913-56307b267ea9	u2af1-wt
819e9776-131f-4c00-b93c-9936cbcc55b8	u2af1-wt
81a33f6c-0195-45c5-87e7-7748838d0a4e	u2af1-wt
81e85e60-a0b6-4898-8cb0-02ac1a70f157	u2af1-wt
828b6221-7b05-4e5f-aee0-0234f06fb81e	u2af1-wt
841e54a1-9d65-4256-b70e-eb64659b40a4	u2af1-wt
84595c09-6f85-4a1d-98fa-7d9bc9dc2c28	u2af1-wt
8536c3c1-1e75-4ebc-b792-30d7d228a117	u2af1-wt
868157f2-85e5-462c-9994-1e50791ad2c0	u2af1-wt
882d1be3-1f82-41e7-8538-1ef513efef32	u2af1-wt
883ef55a-e8c0-4774-a298-d2bfeaeeae4b	u2af1-wt
8929ea12-e12a-4660-ac19-72b4e7bd2e9a	u2af1-wt
894424ab-29c3-4f41-88e7-f59d0df10c28	u2af1-wt
897e33bc-3862-47bc-8277-a9b1b5371802	u2af1-wt
89bcf4e2-f855-4035-bf0d-fe4917248223	u2af1-wt
8a44c8a0-142b-48bb-9809-69914811bacc	u2af1-wt
8a6d64cc-3f03-4a5d-b6ce-83fa9c7f7d07	u2af1-wt
8bd7c2cf-7960-46ca-9373-1c19557dd0aa	u2af1-wt
8c55ee80-c8c3-4196-9b67-81732fffe9f4	u2af1-wt
8ce815e6-3c63-4cbf-8480-4f07867f18da	u2af1-wt
8d438e20-04cb-4b39-b3a9-96a3a35de104	u2af1-wt
8da65700-04c7-444d-826e-ec2e692b257b	u2af1-wt
8dc8ccd2-a842-4a48-a8db-007855733fc0	u2af1-wt
8e1fcc77-bf23-42e4-949f-d429f7211dd6	u2af1-wt
8fa3359f-1e40-448a-aae8-a955c1ca3323	u2af1-wt
905e32cb-a5bd-46a4-ac0f-32585e042695	u2af1-wt
91181a9c-3113-47b6-8d1c-8173f9eac675	u2af1-wt
918be5f7-a963-406f-8ce4-0a3e528998e5	u2af1-wt
91e79d93-01a8-4908-805a-12678d68a543	u2af1-wt
9207fbc6-99eb-4535-8c02-c8bba5875c1b	u2af1-wt
921aa14f-d674-4ecf-b4fd-ca846acc9fa3	u2af1-wt
925a2268-1a0a-402b-8bb1-e6fa32521afe	u2af1-wt
929a50ee-02a9-44f5-8078-e4020a89263f	u2af1-wt
9301f86d-9d6f-4aa6-a640-a543b5aea5db	u2af1-wt
9343d3bd-0f60-49c3-8625-31a8a7a846c4	u2af1-wt
93f32fe3-cb5b-4910-bf06-e20c876cd8a5	u2af1-wt
9446312e-b87c-411c-b9a3-a19603eff965	u2af1-wt
962d56c6-0e10-4b55-9c4d-dbb89c983d74	u2af1-wt
96780e00-b519-4bec-a49b-c2cc2d19a744	u2af1-wt
96f7dff7-660b-4700-88b3-6479ad02f20c	u2af1-wt
978fb63c-dae9-4037-81c9-598e87341931	u2af1-wt
981bfd73-1d4c-47c0-870a-b9a6300858dc	u2af1-wt
98a4b8cc-fd54-454c-adcd-6fe9ae159a3b	u2af1-wt
98d020b1-0467-4131-a3cc-64d288d0e9e7	u2af1-wt
98f4637a-4953-4f52-b90a-c768d005a3e7	u2af1-wt
98f9eaa2-866f-4223-ad25-f93020214b4e	u2af1-wt
99c5c1c4-851a-42a4-b5a2-dd9da2959343	u2af1-wt
9a0910ce-634b-47b6-a63c-caaf219e0b55	u2af1-wt
9a54be5e-6201-4beb-9689-289b9849756e	u2af1-wt
9a5e0fa6-a785-4d8e-bca5-43e02a3965bf	u2af1-wt
9aa5eb7d-1d54-47f6-aeeb-59be4880f004	u2af1-wt
9b4a912b-c42b-4a3a-8723-58b4dcb85949	u2af1-wt
9ba0ff4b-4276-45ee-a543-a2e837777923	u2af1-wt
9bfd464b-419a-43c0-929a-c1d219713a6f	u2af1-wt
9c92bdc5-8b9b-4843-82a4-2fa6ee4d40a3	u2af1-wt
9ce317be-70dc-4dd2-86b5-e6f79be6f10b	u2af1-wt
9d2f9191-338e-49ea-a887-a808cdf2703f	u2af1-wt
9d305ba3-6558-42ed-959c-4182de1c8ebb	u2af1-wt
9e504ab4-85a0-465d-be52-0c28ed83e5f8	u2af1-wt
9ebc079c-069f-4468-8b9e-680e39a3c4ad	u2af1-wt
9f4c2cc8-8675-43be-98bb-004c45ba5a51	u2af1-wt
9f938aa7-9fc1-4893-aee4-15ab668b9260	u2af1-wt
9f97863a-5019-41de-a095-dd20c4d55e02	u2af1-wt
9fde5e1d-5b86-411d-b194-3eb3c6305ebd	u2af1-wt
a0c9ebdf-951b-4d8d-aa79-3ff1c82342cd	u2af1-wt
a0ead79b-f99c-46d1-a092-4cb98291bdcc	u2af1-wt
a308a190-de5d-401c-a030-e089cb6d39db	u2af1-wt
a4a57e8f-cf4f-4322-b7fe-2336a58cd50f	u2af1-wt
a4f3f3fa-b161-402b-bc1a-1dddd6be8097	u2af1-wt
a585711d-48a4-45bd-bb45-f9d2a7717af0	u2af1-wt
a5f6ddd7-f795-4920-b714-ed86942953e3	u2af1-wt
a6a6b9c6-9db7-42b3-a09f-770b7e126fbb	u2af1-wt
a6a841ae-f63f-45ab-9a17-2288e12a9577	u2af1-wt
a6caa89b-29fc-46cf-8d6b-a6c0241be6d7	u2af1-wt
a787801a-cb3f-4a1f-b14c-ed8f2bfd6028	u2af1-wt
a7c58df0-fffc-4a80-85c4-2dab24b2edc2	u2af1-wt
a8d269f5-ebc9-4b2a-9cd9-7019204a246f	u2af1-wt
a9a12604-5100-4e45-b7f8-7e7c0d02a139	u2af1-wt
aa0b2722-97db-4b5a-9a56-213f63255097	u2af1-wt
aa2d6144-50d3-4096-9ecf-3cc0ceac7f41	u2af1-wt
aa305f5b-4c1d-4bc7-81d5-b2b999b327af	u2af1-wt
aa764c7d-2e26-4e8c-94d3-870772bad93f	u2af1-wt
aab7b2a0-4181-4556-b1a8-28d31f98a43c	u2af1-wt
aac03db2-1e90-4c0e-9094-4df06abeb84d	u2af1-wt
aae80a97-730b-4180-93de-56ddbb262419	u2af1-wt
ab0a7727-00ee-40fa-b5f5-a69234473e4a	u2af1-wt
ab589a7b-7cc9-4257-8fd7-241d2e3658da	u2af1-wt
acbeca74-24ec-4e54-98e6-d3f59475dde9	u2af1-wt
ad3180d3-8ae4-4446-9292-dd0c464b03c9	u2af1-wt
aea4fa60-a890-453e-8ba6-6f4f3d5ed084	u2af1-wt
aec36454-d9a1-4d51-90c6-561f219b6aee	u2af1-wt
aeea81c2-afda-410d-a0bb-955e7cddda09	u2af1-wt
aefc9460-27d4-4d7f-8167-baa2a80935b7	u2af1-wt
af276b15-2dc4-4724-bbf5-1be8224b7f73	u2af1-wt
af407c3f-2dad-4fb9-850e-4a79b361589b	u2af1-wt
afccc865-1d58-475d-b85c-0d7eca330b0e	u2af1-wt
b0747254-d7fd-4ec9-96b1-d132540c4b46	u2af1-wt
b1d9364c-d703-4884-b96d-20d8084040a8	u2af1-wt
b307f8c5-d21f-42ae-9771-07126d58999e	u2af1-wt
b3f38fc5-d1e6-4fd9-bd36-b413a3ac850e	u2af1-wt
b4a1a796-8bce-4b44-b4ed-fd7bf4c81b3b	u2af1-wt
b4dff9fc-6dab-42bc-8d32-7143e0d94043	u2af1-wt
b556d35a-4855-4e56-9e02-5fc939722169	u2af1-wt
b573a788-d117-48b0-9cab-c4ecbde82706	u2af1-wt
b57cc3e6-9017-48b7-9de9-74fe57d9bf6d	u2af1-wt
b5909b96-7ef6-497a-802e-11805dc7ded7	u2af1-wt
b5cadc0c-3088-4f81-9561-902c8ca44c2d	u2af1-wt
b603c2a6-4366-415a-871e-5949a2a8a4b6	u2af1-wt
b6ddcda9-dad4-4e70-b12a-db197a496713	u2af1-wt
b6e9752c-ad52-457d-a37c-78ffb7ddc520	u2af1-wt
b70dcd97-e1e4-417c-a05f-b37acdde6684	u2af1-wt
b7f29b8c-08a8-4781-ba33-5a7b6b02ad23	u2af1-wt
b7f9da49-2a09-4f32-af6c-980ccf75250b	u2af1-wt
b8ae4b22-83b8-4cbf-9d3c-49092b7e0903	u2af1-wt
b8e8f06f-a5a9-4d16-b39f-585dcee31087	u2af1-wt
b95a1889-2ef5-4da3-b5e9-14b678c4d71a	u2af1-wt
b99ff949-1922-4948-8d02-2ef2aa3dfb3b	u2af1-wt
bc037eb7-5afa-4730-b896-23bf21a31641	u2af1-wt
bcb20e91-2931-4694-8268-686aee414fe7	u2af1-wt
bd1e3dcd-31c4-4f7f-8e99-9ad0d1050294	u2af1-wt
be547f27-5157-4947-ad2a-c9d006dedabd	u2af1-wt
c16f63fb-a468-48e8-b679-6e26b8457530	u2af1-wt
c18d9cb5-17ca-4c49-bd72-4b4c6184fba3	u2af1-wt
c208cf0f-3922-4159-a7dd-76dccf9ff396	u2af1-wt
c29e5bb3-860d-4f1f-b27d-ae5b9d8c4208	u2af1-wt
c2c5b3f8-abe2-4112-9ddd-70056f268137	u2af1-wt
c36d8349-6af1-4583-818d-cd3742ea97a7	u2af1-wt
c4115468-0566-49e2-a86f-9c7faf6388f5	u2af1-wt
c41a2347-8277-494e-90c6-f1918223388b	u2af1-wt
c45c7b03-a317-4dac-ba0f-19989348cae3	u2af1-wt
c55c7a04-580b-43e3-b138-f83bd3003875	u2af1-wt
c63de407-f025-4939-9633-6550724be88c	u2af1-wt
c649e0cf-b787-4d0c-bab6-d81f7e491b15	u2af1-wt
c6b74844-5140-4c2e-b13d-fc50c2f2e9f1	u2af1-wt
c6bf25d8-abea-411f-bb80-6e6fefb82757	u2af1-wt
c6dd2eb6-2297-4dc0-8cae-c7a6b733a1c2	u2af1-wt
c6fcbf56-bc49-43eb-981a-ef032465a7ce	u2af1-wt
c812eb06-bd41-4919-8f6d-9ade00654a4c	u2af1-wt
c8bfb715-4c7a-4e3e-baa2-bc842d80654b	u2af1-wt
c8e5ea6c-c6b1-4807-8d9f-b2e96154a1eb	u2af1-wt
c9494f0c-d6df-4dc9-a174-dfd53f121ee8	u2af1-wt
c9d8385a-9f73-48f9-bca4-1c0647881bfd	u2af1-wt
ca927d21-e459-469e-9655-c214b34447f7	u2af1-wt
cbdf1edd-a8c9-4fc8-88ee-928f01abae34	u2af1-wt
cbf298e2-94bb-48c9-ae07-408081055497	u2af1-wt
cc1646da-11b3-40c7-b35e-1206f4517b36	u2af1-wt
cd271741-c470-4f57-9873-635fef14f902	u2af1-wt
ce68bb71-4052-499c-bf2e-81d9c0dafc9b	u2af1-wt
d067f93b-7182-4a34-ba8e-be73589b7420	u2af1-wt
d0966b4b-6c70-41f6-a220-4bf8be955366	u2af1-wt
d0f1d923-1014-4a12-824b-9939fd75f9b1	u2af1-wt
d1b10396-1656-4963-8fd0-7d7368c24dd2	u2af1-wt
d1eba37d-0b00-47f4-a7c8-d2e80ec3e27b	u2af1-wt
d20f5121-5e33-4b35-8cdf-df2eb51a099d	u2af1-wt
d21d91e9-6e19-4c5f-aa2e-cdd41d98e542	u2af1-wt
d2bf5f92-08f4-492e-96c2-399262f96828	u2af1-wt
d38959c4-8069-4963-8eca-0c66699df9a7	u2af1-wt
d3c861af-cfe9-4d9f-bc76-a8a45b72df43	u2af1-wt
d3ebb2ea-10db-4c29-8e7c-7c13b23b5b15	u2af1-wt
d4422306-b68c-4687-9131-02a60a2d4c42	u2af1-wt
d4db8bd3-6f2f-4c34-a4a7-1e23342e62b5	u2af1-wt
d53203c7-5070-455b-aec3-ce01f32186de	u2af1-wt
d5388d2a-976f-4f08-80c2-14bbf4ccc753	u2af1-wt
d6e945f2-4a94-48ab-9ba0-d4f0ee2fb262	u2af1-wt
d7339ba2-0cc2-40b7-9dbe-f8f3366b20d9	u2af1-wt
d737cd97-619a-4fc3-9ae2-87e1f4b19beb	u2af1-wt
d7c787e0-6416-4724-8954-85467906f90d	u2af1-wt
d832db0a-348f-4e28-953a-741192fe0826	u2af1-wt
da046621-2982-42dc-b54d-6c875ecb5368	u2af1-wt
da145aec-4391-4fce-b5d0-bf91065b765e	u2af1-wt
da3718fb-d874-4469-a3fe-6ba6fa89676b	u2af1-wt
da52147d-9bd6-449c-b5d9-b168822ddac0	u2af1-wt
dad295e6-b4f8-4ad1-8439-acc3f903cfb0	u2af1-wt
db66be89-fb7c-41c3-9a0b-9beae75b7850	u2af1-wt
dc3ac0d3-d862-4761-ac12-60bb4d6758c1	u2af1-wt
dd20e202-a63c-4281-85c7-f16096212a91	u2af1-wt
dd6e2735-7d83-4bc4-87b3-05a5d7f08caa	u2af1-wt
df2ac75d-208d-4cc1-867b-aea3e36117c6	u2af1-wt
df3e51ff-63ad-45c2-ba71-676c5eb6b9e0	u2af1-wt
e0819bee-5642-4297-b6bb-70e41d54ee8c	u2af1-wt
e0dabde8-1dd8-4aa6-9f23-51dc22fc2cae	u2af1-wt
e0e055b6-6800-40e7-bde5-718823408f0c	u2af1-wt
e0e9a0df-7052-4d42-b3fd-10ee23ceae62	u2af1-wt
e121b871-b177-47ef-a4f1-de73cb338519	u2af1-wt
e127acf3-0757-4f24-aff7-0fbe7283b9ed	u2af1-wt
e1b67311-dee7-4296-ac38-1ad47a80c257	u2af1-wt
e25887be-64fe-4e7c-983b-4fbdec52c4b7	u2af1-wt
e270dd9d-4a6b-40b3-823f-a46dd9493585	u2af1-wt
e2f47d3a-0e1a-47cb-a53f-697e2a3cb89b	u2af1-wt
e38af20a-f4f2-40dc-82c0-69782f9192d7	u2af1-wt
e40ae18a-9f57-4069-b99f-260c93b52e9f	u2af1-wt
e48cabb8-73cd-4d42-81b0-f9ab7bebecc1	u2af1-wt
e4fe566f-bf64-408e-a422-fef7b855391f	u2af1-wt
e5ff9d44-3193-4baa-bf04-c86563d3c9a9	u2af1-wt
e62d96e9-3e79-4eef-9e5e-568a48dd737b	u2af1-wt
e6992421-f34c-4a68-a218-d53f56d0f562	u2af1-wt
e789fc5c-1218-4f07-ba95-b54d8fb93e7b	u2af1-wt
e860f314-beb1-4dfd-adb8-e188f13ca1c8	u2af1-wt
e89ecf81-4892-48c8-be13-926f92d5ec97	u2af1-wt
e8ea2e59-65dc-49c9-b6f3-b9335185390d	u2af1-wt
e9efd91b-8824-456b-b650-1d0287efbbe8	u2af1-wt
e9f19ff2-29c5-4578-9c23-9d58c192ff59	u2af1-wt
eaaacefc-a798-4b6e-8471-0fde96a80bb9	u2af1-wt
ebc79b86-12cb-4a5b-b0e4-4d1017ef22f4	u2af1-wt
ec3a68ca-1006-4f2f-95b5-74d506ceda86	u2af1-wt
ec99ae0d-704e-481d-bc90-7b553075a845	u2af1-wt
ecef82f6-3009-4345-a56d-d028535d78fd	u2af1-wt
ed0926c8-6642-4741-9de6-e04014ba0364	u2af1-wt
ed30ab10-5d65-4aeb-ba72-ec3e9b768cd3	u2af1-wt
ed4e21ee-1471-479e-af75-72c91986787a	u2af1-wt
eda17fff-892d-440a-af83-b353ea60c478	u2af1-wt
ee030015-242a-4dd1-b43c-2c97d5d365d9	u2af1-wt
ee14c1ac-fa18-4be1-b836-a1274abafe28	u2af1-wt
eecb4e6b-6916-4673-815b-9a5366fe3a86	u2af1-wt
ef11ddff-02bb-44e2-ab77-fadde20acd87	u2af1-wt
ef19e097-8ae9-4362-b77a-76d8f5399760	u2af1-wt
ef304a3b-e32b-450e-8c40-4173aa0a0366	u2af1-wt
efd3731a-0788-41e9-a985-0c3d400d7db3	u2af1-wt
f01d4b93-8aeb-4b87-a063-59d7b6057fba	u2af1-wt
f0395da6-5f12-4a35-8aa6-0b1b47a2acba	u2af1-wt
f05d253b-7b64-4ecc-8249-55392326a91d	u2af1-wt
f07f72e3-8bd8-4a16-91b4-e4444c2745d9	u2af1-wt
f1eb1ef7-fe25-4dd8-abed-9d9c298d72fb	u2af1-wt
f21b5258-2e93-4fe0-bd98-9eb1216e824b	u2af1-wt
f30ea4c5-0110-403e-b171-2ea1e35c1ea0	u2af1-wt
f3b31315-692c-4040-9f89-1a9988ed2fbc	u2af1-wt
f3bf4152-5e1d-42d2-920e-9dfbe2e0dbc5	u2af1-wt
f3d482bb-14e8-4569-bee4-22d7d2a027ea	u2af1-wt
f3df8eaf-1fd2-4e08-ad48-ce5aa1d64e19	u2af1-wt
f48a9d85-c3c7-40bc-9215-760ba3b8fa60	u2af1-wt
f57240f6-a5e4-4a9f-81d7-b59616d865dd	u2af1-wt
f602ef77-0db5-47af-b259-e551c77a4281	u2af1-wt
f6108b9b-e02f-4608-bec3-bcc0112d05b4	u2af1-wt
f6f15b7f-1af0-4da5-8ca5-a4b488d8f412	u2af1-wt
f74d61fe-042f-4cfc-a32b-380389629951	u2af1-wt
f77f77e1-073c-4f6a-bc48-1ba165ecc024	u2af1-wt
f7beaa9b-98ae-40bd-aadc-e69688499170	u2af1-wt
f8a3b631-5140-45d0-8732-cb556d5f83b2	u2af1-wt
f99ac82f-4fe6-4a9a-9d49-67c42cf66208	u2af1-wt
fa7777c7-e04a-41db-9ade-0c875c62411f	u2af1-wt
facd5609-e5f0-4993-bd84-049447d60d32	u2af1-wt
fb3e2838-b073-40c9-824f-3216f940a2c5	u2af1-wt
fb870a60-4b6d-4e83-b366-bdaaca72f205	u2af1-wt
fbb4d953-39c3-4e94-a99c-a8927421709e	u2af1-wt
fbd81adc-aa56-4cde-b1f2-e749e2cbf653	u2af1-wt
fc4f0b8e-ced1-4543-a21d-3cbb2d269eb0	u2af1-wt
fcb42a31-a716-430f-a0a1-001766fc62b5	u2af1-wt
fcfff41c-378f-49e8-b416-ccd1b9d8b4b4	u2af1-wt
fd713184-4bb4-4e1b-a3b8-636273ee6ccc	u2af1-wt
fdd9f9f1-8b02-4b83-a8f6-f28f968bdf54	u2af1-wt
fddbde25-7d5c-496f-8f62-985dbda7e0fe	u2af1-wt
fe3a5a49-7744-4336-a4b6-0e88f23e21d8	u2af1-wt
fe69fb9c-7215-478c-ae5c-44f5d0814b9d	u2af1-wt
fe770b01-42c9-48c6-97f8-09f18a374350	u2af1-wt
fec056a5-e860-4b68-8fa0-39cb7ad78a62	u2af1-wt
fec7a02d-1d67-412d-9d69-df7124864e7a	u2af1-wt
ff298d6f-071c-417a-acbe-a9ff38494f87	u2af1-wt
ff36264d-8485-46e6-8259-0b55f651ed8f	u2af1-wt
